category,unit,lesson,lesson_type,item_id,text,pinyin,target_file,recording_note
生字单字,1.春天与识字,1.春夏秋冬,识字,chunxiaqiudong-word-0,春,chūn,audio/words/chunxiaqiudong-0.mp3,单字清晰读一遍，发音后留 0.2 秒空白，不要读解释。
生字单字,1.春天与识字,1.春夏秋冬,识字,chunxiaqiudong-word-1,风,fēng,audio/words/chunxiaqiudong-1.mp3,单字清晰读一遍，发音后留 0.2 秒空白，不要读解释。
生字单字,1.春天与识字,1.春夏秋冬,识字,chunxiaqiudong-word-2,花,huā,audio/words/chunxiaqiudong-2.mp3,单字清晰读一遍，发音后留 0.2 秒空白，不要读解释。
生字单字,1.春天与识字,1.春夏秋冬,识字,chunxiaqiudong-word-3,雪,xuě,audio/words/chunxiaqiudong-3.mp3,单字清晰读一遍，发音后留 0.2 秒空白，不要读解释。
生字单字,1.春天与识字,1.春夏秋冬,识字,chunxiaqiudong-word-4,飞,fēi,audio/words/chunxiaqiudong-4.mp3,单字清晰读一遍，发音后留 0.2 秒空白，不要读解释。
生字单字,1.春天与识字,1.春夏秋冬,识字,chunxiaqiudong-word-5,入,rù,audio/words/chunxiaqiudong-5.mp3,单字清晰读一遍，发音后留 0.2 秒空白，不要读解释。
课文朗读,1.春天与识字,1.春夏秋冬,识字,chunxiaqiudong-lesson,春风吹，花儿开。 雪花飞，鱼儿游。,,audio/lessons/chunxiaqiudong.mp3,按一年级学生听感慢速朗读，语气自然亲切，句间停顿明显。
句子练习,1.春天与识字,1.春夏秋冬,识字,chunxiaqiudong-sentence,春风吹，花儿开。,,audio/sentences/chunxiaqiudong.mp3,完整句子朗读一遍，可作为后续句子补空和跟读素材。
生字单字,1.春天与识字,2.姓氏歌,识字,xingshige-word-0,姓,xìng,audio/words/xingshige-0.mp3,单字清晰读一遍，发音后留 0.2 秒空白，不要读解释。
生字单字,1.春天与识字,2.姓氏歌,识字,xingshige-word-1,什,shén,audio/words/xingshige-1.mp3,单字清晰读一遍，发音后留 0.2 秒空白，不要读解释。
生字单字,1.春天与识字,2.姓氏歌,识字,xingshige-word-2,么,me,audio/words/xingshige-2.mp3,单字清晰读一遍，发音后留 0.2 秒空白，不要读解释。
生字单字,1.春天与识字,2.姓氏歌,识字,xingshige-word-3,双,shuāng,audio/words/xingshige-3.mp3,单字清晰读一遍，发音后留 0.2 秒空白，不要读解释。
生字单字,1.春天与识字,2.姓氏歌,识字,xingshige-word-4,国,guó,audio/words/xingshige-4.mp3,单字清晰读一遍，发音后留 0.2 秒空白，不要读解释。
生字单字,1.春天与识字,2.姓氏歌,识字,xingshige-word-5,王,wáng,audio/words/xingshige-5.mp3,单字清晰读一遍，发音后留 0.2 秒空白，不要读解释。
课文朗读,1.春天与识字,2.姓氏歌,识字,xingshige-lesson,你姓什么？我姓王。 中国姓氏真有趣。,,audio/lessons/xingshige.mp3,按一年级学生听感慢速朗读，语气自然亲切，句间停顿明显。
句子练习,1.春天与识字,2.姓氏歌,识字,xingshige-sentence,你姓什么？我姓王。,,audio/sentences/xingshige.mp3,完整句子朗读一遍，可作为后续句子补空和跟读素材。
生字单字,1.春天与识字,3.小青蛙,儿歌,xiaoqingwa-word-0,青,qīng,audio/words/xiaoqingwa-0.mp3,单字清晰读一遍，发音后留 0.2 秒空白，不要读解释。
生字单字,1.春天与识字,3.小青蛙,儿歌,xiaoqingwa-word-1,清,qīng,audio/words/xiaoqingwa-1.mp3,单字清晰读一遍，发音后留 0.2 秒空白，不要读解释。
生字单字,1.春天与识字,3.小青蛙,儿歌,xiaoqingwa-word-2,气,qì,audio/words/xiaoqingwa-2.mp3,单字清晰读一遍，发音后留 0.2 秒空白，不要读解释。
生字单字,1.春天与识字,3.小青蛙,儿歌,xiaoqingwa-word-3,晴,qíng,audio/words/xiaoqingwa-3.mp3,单字清晰读一遍，发音后留 0.2 秒空白，不要读解释。
生字单字,1.春天与识字,3.小青蛙,儿歌,xiaoqingwa-word-4,情,qíng,audio/words/xiaoqingwa-4.mp3,单字清晰读一遍，发音后留 0.2 秒空白，不要读解释。
生字单字,1.春天与识字,3.小青蛙,儿歌,xiaoqingwa-word-5,请,qǐng,audio/words/xiaoqingwa-5.mp3,单字清晰读一遍，发音后留 0.2 秒空白，不要读解释。
课文朗读,1.春天与识字,3.小青蛙,儿歌,xiaoqingwa-lesson,河水清清天气晴。 小小青蛙大眼睛。,,audio/lessons/xiaoqingwa.mp3,按一年级学生听感慢速朗读，语气自然亲切，句间停顿明显。
句子练习,1.春天与识字,3.小青蛙,儿歌,xiaoqingwa-sentence,小青蛙保护禾苗。,,audio/sentences/xiaoqingwa.mp3,完整句子朗读一遍，可作为后续句子补空和跟读素材。
生字单字,1.春天与识字,4.猜字谜,游戏,caizimi-word-0,字,zì,audio/words/caizimi-0.mp3,单字清晰读一遍，发音后留 0.2 秒空白，不要读解释。
生字单字,1.春天与识字,4.猜字谜,游戏,caizimi-word-1,左,zuǒ,audio/words/caizimi-1.mp3,单字清晰读一遍，发音后留 0.2 秒空白，不要读解释。
生字单字,1.春天与识字,4.猜字谜,游戏,caizimi-word-2,右,yòu,audio/words/caizimi-2.mp3,单字清晰读一遍，发音后留 0.2 秒空白，不要读解释。
生字单字,1.春天与识字,4.猜字谜,游戏,caizimi-word-3,红,hóng,audio/words/caizimi-3.mp3,单字清晰读一遍，发音后留 0.2 秒空白，不要读解释。
生字单字,1.春天与识字,4.猜字谜,游戏,caizimi-word-4,时,shí,audio/words/caizimi-4.mp3,单字清晰读一遍，发音后留 0.2 秒空白，不要读解释。
生字单字,1.春天与识字,4.猜字谜,游戏,caizimi-word-5,动,dòng,audio/words/caizimi-5.mp3,单字清晰读一遍，发音后留 0.2 秒空白，不要读解释。
课文朗读,1.春天与识字,4.猜字谜,游戏,caizimi-lesson,猜一猜，想一想。 汉字里面有故事。,,audio/lessons/caizimi.mp3,按一年级学生听感慢速朗读，语气自然亲切，句间停顿明显。
句子练习,1.春天与识字,4.猜字谜,游戏,caizimi-sentence,左右相遇起凉风。,,audio/sentences/caizimi.mp3,完整句子朗读一遍，可作为后续句子补空和跟读素材。
生字单字,1.春天与识字,5.听故事，讲故事,口语交际,kouyu_tinggushi-word-0,听,tīng,audio/words/kouyu_tinggushi-0.mp3,单字清晰读一遍，发音后留 0.2 秒空白，不要读解释。
生字单字,1.春天与识字,5.听故事，讲故事,口语交际,kouyu_tinggushi-word-1,讲,jiǎng,audio/words/kouyu_tinggushi-1.mp3,单字清晰读一遍，发音后留 0.2 秒空白，不要读解释。
生字单字,1.春天与识字,5.听故事，讲故事,口语交际,kouyu_tinggushi-word-2,故,gù,audio/words/kouyu_tinggushi-2.mp3,单字清晰读一遍，发音后留 0.2 秒空白，不要读解释。
生字单字,1.春天与识字,5.听故事，讲故事,口语交际,kouyu_tinggushi-word-3,事,shì,audio/words/kouyu_tinggushi-3.mp3,单字清晰读一遍，发音后留 0.2 秒空白，不要读解释。
生字单字,1.春天与识字,5.听故事，讲故事,口语交际,kouyu_tinggushi-word-4,声,shēng,audio/words/kouyu_tinggushi-4.mp3,单字清晰读一遍，发音后留 0.2 秒空白，不要读解释。
生字单字,1.春天与识字,5.听故事，讲故事,口语交际,kouyu_tinggushi-word-5,清,qīng,audio/words/kouyu_tinggushi-5.mp3,单字清晰读一遍，发音后留 0.2 秒空白，不要读解释。
课文朗读,1.春天与识字,5.听故事，讲故事,口语交际,kouyu_tinggushi-lesson,听完故事，再把故事讲清楚。 完成任务后，大声读给家长听。,,audio/lessons/kouyu_tinggushi.mp3,按一年级学生听感慢速朗读，语气自然亲切，句间停顿明显。
句子练习,1.春天与识字,5.听故事，讲故事,口语交际,kouyu_tinggushi-sentence,听完故事，再把故事讲清楚。,,audio/sentences/kouyu_tinggushi.mp3,完整句子朗读一遍，可作为后续句子补空和跟读素材。
生字单字,1.春天与识字,6.语文园地一,园地,yuwenyuandi1-word-0,阴,yīn,audio/words/yuwenyuandi1-0.mp3,单字清晰读一遍，发音后留 0.2 秒空白，不要读解释。
生字单字,1.春天与识字,6.语文园地一,园地,yuwenyuandi1-word-1,雷,léi,audio/words/yuwenyuandi1-1.mp3,单字清晰读一遍，发音后留 0.2 秒空白，不要读解释。
生字单字,1.春天与识字,6.语文园地一,园地,yuwenyuandi1-word-2,电,diàn,audio/words/yuwenyuandi1-2.mp3,单字清晰读一遍，发音后留 0.2 秒空白，不要读解释。
生字单字,1.春天与识字,6.语文园地一,园地,yuwenyuandi1-word-3,阵,zhèn,audio/words/yuwenyuandi1-3.mp3,单字清晰读一遍，发音后留 0.2 秒空白，不要读解释。
生字单字,1.春天与识字,6.语文园地一,园地,yuwenyuandi1-word-4,冰,bīng,audio/words/yuwenyuandi1-4.mp3,单字清晰读一遍，发音后留 0.2 秒空白，不要读解释。
生字单字,1.春天与识字,6.语文园地一,园地,yuwenyuandi1-word-5,冻,dòng,audio/words/yuwenyuandi1-5.mp3,单字清晰读一遍，发音后留 0.2 秒空白，不要读解释。
课文朗读,1.春天与识字,6.语文园地一,园地,yuwenyuandi1-lesson,在园地里复习天气词语。 完成任务后，大声读给家长听。,,audio/lessons/yuwenyuandi1.mp3,按一年级学生听感慢速朗读，语气自然亲切，句间停顿明显。
句子练习,1.春天与识字,6.语文园地一,园地,yuwenyuandi1-sentence,在园地里复习天气词语。,,audio/sentences/yuwenyuandi1.mp3,完整句子朗读一遍，可作为后续句子补空和跟读素材。
生字单字,1.春天与识字,7.快乐读书吧,阅读,kuaile_dushuba-word-0,读,dú,audio/words/kuaile_dushuba-0.mp3,单字清晰读一遍，发音后留 0.2 秒空白，不要读解释。
生字单字,1.春天与识字,7.快乐读书吧,阅读,kuaile_dushuba-word-1,童,tóng,audio/words/kuaile_dushuba-1.mp3,单字清晰读一遍，发音后留 0.2 秒空白，不要读解释。
生字单字,1.春天与识字,7.快乐读书吧,阅读,kuaile_dushuba-word-2,谣,yáo,audio/words/kuaile_dushuba-2.mp3,单字清晰读一遍，发音后留 0.2 秒空白，不要读解释。
生字单字,1.春天与识字,7.快乐读书吧,阅读,kuaile_dushuba-word-3,歌,gē,audio/words/kuaile_dushuba-3.mp3,单字清晰读一遍，发音后留 0.2 秒空白，不要读解释。
生字单字,1.春天与识字,7.快乐读书吧,阅读,kuaile_dushuba-word-4,笑,xiào,audio/words/kuaile_dushuba-4.mp3,单字清晰读一遍，发音后留 0.2 秒空白，不要读解释。
生字单字,1.春天与识字,7.快乐读书吧,阅读,kuaile_dushuba-word-5,拍,pāi,audio/words/kuaile_dushuba-5.mp3,单字清晰读一遍，发音后留 0.2 秒空白，不要读解释。
课文朗读,1.春天与识字,7.快乐读书吧,阅读,kuaile_dushuba-lesson,读读童谣和儿歌，跟着节奏拍一拍。 完成任务后，大声读给家长听。,,audio/lessons/kuaile_dushuba.mp3,按一年级学生听感慢速朗读，语气自然亲切，句间停顿明显。
句子练习,1.春天与识字,7.快乐读书吧,阅读,kuaile_dushuba-sentence,读读童谣和儿歌，跟着节奏拍一拍。,,audio/sentences/kuaile_dushuba.mp3,完整句子朗读一遍，可作为后续句子补空和跟读素材。
生字单字,2.愿望与伙伴,1.吃水不忘挖井人,课文,chishuibuwangwajingren-word-0,吃,chī,audio/words/chishuibuwangwajingren-0.mp3,单字清晰读一遍，发音后留 0.2 秒空白，不要读解释。
生字单字,2.愿望与伙伴,1.吃水不忘挖井人,课文,chishuibuwangwajingren-word-1,叫,jiào,audio/words/chishuibuwangwajingren-1.mp3,单字清晰读一遍，发音后留 0.2 秒空白，不要读解释。
生字单字,2.愿望与伙伴,1.吃水不忘挖井人,课文,chishuibuwangwajingren-word-2,主,zhǔ,audio/words/chishuibuwangwajingren-2.mp3,单字清晰读一遍，发音后留 0.2 秒空白，不要读解释。
生字单字,2.愿望与伙伴,1.吃水不忘挖井人,课文,chishuibuwangwajingren-word-3,江,jiāng,audio/words/chishuibuwangwajingren-3.mp3,单字清晰读一遍，发音后留 0.2 秒空白，不要读解释。
生字单字,2.愿望与伙伴,1.吃水不忘挖井人,课文,chishuibuwangwajingren-word-4,住,zhù,audio/words/chishuibuwangwajingren-4.mp3,单字清晰读一遍，发音后留 0.2 秒空白，不要读解释。
生字单字,2.愿望与伙伴,1.吃水不忘挖井人,课文,chishuibuwangwajingren-word-5,没,méi,audio/words/chishuibuwangwajingren-5.mp3,单字清晰读一遍，发音后留 0.2 秒空白，不要读解释。
课文朗读,2.愿望与伙伴,1.吃水不忘挖井人,课文,chishuibuwangwajingren-lesson,吃水不忘挖井人。 想一想，谁帮助过我们？,,audio/lessons/chishuibuwangwajingren.mp3,按一年级学生听感慢速朗读，语气自然亲切，句间停顿明显。
句子练习,2.愿望与伙伴,1.吃水不忘挖井人,课文,chishuibuwangwajingren-sentence,吃水不忘挖井人。,,audio/sentences/chishuibuwangwajingren.mp3,完整句子朗读一遍，可作为后续句子补空和跟读素材。
生字单字,2.愿望与伙伴,2.我多想去看看,朗读,woduoxiangqukankan-word-0,会,huì,audio/words/woduoxiangqukankan-0.mp3,单字清晰读一遍，发音后留 0.2 秒空白，不要读解释。
生字单字,2.愿望与伙伴,2.我多想去看看,朗读,woduoxiangqukankan-word-1,走,zǒu,audio/words/woduoxiangqukankan-1.mp3,单字清晰读一遍，发音后留 0.2 秒空白，不要读解释。
生字单字,2.愿望与伙伴,2.我多想去看看,朗读,woduoxiangqukankan-word-2,北,běi,audio/words/woduoxiangqukankan-2.mp3,单字清晰读一遍，发音后留 0.2 秒空白，不要读解释。
生字单字,2.愿望与伙伴,2.我多想去看看,朗读,woduoxiangqukankan-word-3,京,jīng,audio/words/woduoxiangqukankan-3.mp3,单字清晰读一遍，发音后留 0.2 秒空白，不要读解释。
生字单字,2.愿望与伙伴,2.我多想去看看,朗读,woduoxiangqukankan-word-4,门,mén,audio/words/woduoxiangqukankan-4.mp3,单字清晰读一遍，发音后留 0.2 秒空白，不要读解释。
生字单字,2.愿望与伙伴,2.我多想去看看,朗读,woduoxiangqukankan-word-5,广,guǎng,audio/words/woduoxiangqukankan-5.mp3,单字清晰读一遍，发音后留 0.2 秒空白，不要读解释。
课文朗读,2.愿望与伙伴,2.我多想去看看,朗读,woduoxiangqukankan-lesson,我多想去看看。 看看美丽的天安门。,,audio/lessons/woduoxiangqukankan.mp3,按一年级学生听感慢速朗读，语气自然亲切，句间停顿明显。
句子练习,2.愿望与伙伴,2.我多想去看看,朗读,woduoxiangqukankan-sentence,我多想去看看。,,audio/sentences/woduoxiangqukankan.mp3,完整句子朗读一遍，可作为后续句子补空和跟读素材。
生字单字,2.愿望与伙伴,3.一个接一个,课文,yigejieyige-word-0,过,guò,audio/words/yigejieyige-0.mp3,单字清晰读一遍，发音后留 0.2 秒空白，不要读解释。
生字单字,2.愿望与伙伴,3.一个接一个,课文,yigejieyige-word-1,各,gè,audio/words/yigejieyige-1.mp3,单字清晰读一遍，发音后留 0.2 秒空白，不要读解释。
生字单字,2.愿望与伙伴,3.一个接一个,课文,yigejieyige-word-2,种,zhǒng,audio/words/yigejieyige-2.mp3,单字清晰读一遍，发音后留 0.2 秒空白，不要读解释。
生字单字,2.愿望与伙伴,3.一个接一个,课文,yigejieyige-word-3,样,yàng,audio/words/yigejieyige-3.mp3,单字清晰读一遍，发音后留 0.2 秒空白，不要读解释。
生字单字,2.愿望与伙伴,3.一个接一个,课文,yigejieyige-word-4,伙,huǒ,audio/words/yigejieyige-4.mp3,单字清晰读一遍，发音后留 0.2 秒空白，不要读解释。
生字单字,2.愿望与伙伴,3.一个接一个,课文,yigejieyige-word-5,伴,bàn,audio/words/yigejieyige-5.mp3,单字清晰读一遍，发音后留 0.2 秒空白，不要读解释。
课文朗读,2.愿望与伙伴,3.一个接一个,课文,yigejieyige-lesson,一个接一个。 快乐也一个接一个。,,audio/lessons/yigejieyige.mp3,按一年级学生听感慢速朗读，语气自然亲切，句间停顿明显。
句子练习,2.愿望与伙伴,3.一个接一个,课文,yigejieyige-sentence,伙伴们一个接一个。,,audio/sentences/yigejieyige.mp3,完整句子朗读一遍，可作为后续句子补空和跟读素材。
生字单字,2.愿望与伙伴,4.四个太阳,想象,sigetaiyang-word-0,太,tài,audio/words/sigetaiyang-0.mp3,单字清晰读一遍，发音后留 0.2 秒空白，不要读解释。
生字单字,2.愿望与伙伴,4.四个太阳,想象,sigetaiyang-word-1,阳,yáng,audio/words/sigetaiyang-1.mp3,单字清晰读一遍，发音后留 0.2 秒空白，不要读解释。
生字单字,2.愿望与伙伴,4.四个太阳,想象,sigetaiyang-word-2,道,dào,audio/words/sigetaiyang-2.mp3,单字清晰读一遍，发音后留 0.2 秒空白，不要读解释。
生字单字,2.愿望与伙伴,4.四个太阳,想象,sigetaiyang-word-3,送,sòng,audio/words/sigetaiyang-3.mp3,单字清晰读一遍，发音后留 0.2 秒空白，不要读解释。
生字单字,2.愿望与伙伴,4.四个太阳,想象,sigetaiyang-word-4,忙,máng,audio/words/sigetaiyang-4.mp3,单字清晰读一遍，发音后留 0.2 秒空白，不要读解释。
生字单字,2.愿望与伙伴,4.四个太阳,想象,sigetaiyang-word-5,尝,cháng,audio/words/sigetaiyang-5.mp3,单字清晰读一遍，发音后留 0.2 秒空白，不要读解释。
课文朗读,2.愿望与伙伴,4.四个太阳,想象,sigetaiyang-lesson,我画了个绿绿的太阳。 送给夏天一片清凉。,,audio/lessons/sigetaiyang.mp3,按一年级学生听感慢速朗读，语气自然亲切，句间停顿明显。
句子练习,2.愿望与伙伴,4.四个太阳,想象,sigetaiyang-sentence,我画了个绿绿的太阳。,,audio/sentences/sigetaiyang.mp3,完整句子朗读一遍，可作为后续句子补空和跟读素材。
生字单字,2.愿望与伙伴,5.语文园地二,园地,yuwenyuandi2-word-0,辆,liàng,audio/words/yuwenyuandi2-0.mp3,单字清晰读一遍，发音后留 0.2 秒空白，不要读解释。
生字单字,2.愿望与伙伴,5.语文园地二,园地,yuwenyuandi2-word-1,匹,pǐ,audio/words/yuwenyuandi2-1.mp3,单字清晰读一遍，发音后留 0.2 秒空白，不要读解释。
生字单字,2.愿望与伙伴,5.语文园地二,园地,yuwenyuandi2-word-2,册,cè,audio/words/yuwenyuandi2-2.mp3,单字清晰读一遍，发音后留 0.2 秒空白，不要读解释。
生字单字,2.愿望与伙伴,5.语文园地二,园地,yuwenyuandi2-word-3,支,zhī,audio/words/yuwenyuandi2-3.mp3,单字清晰读一遍，发音后留 0.2 秒空白，不要读解释。
生字单字,2.愿望与伙伴,5.语文园地二,园地,yuwenyuandi2-word-4,棵,kē,audio/words/yuwenyuandi2-4.mp3,单字清晰读一遍，发音后留 0.2 秒空白，不要读解释。
生字单字,2.愿望与伙伴,5.语文园地二,园地,yuwenyuandi2-word-5,架,jià,audio/words/yuwenyuandi2-5.mp3,单字清晰读一遍，发音后留 0.2 秒空白，不要读解释。
课文朗读,2.愿望与伙伴,5.语文园地二,园地,yuwenyuandi2-lesson,一辆车，一匹马，量词要用对。 完成任务后，大声读给家长听。,,audio/lessons/yuwenyuandi2.mp3,按一年级学生听感慢速朗读，语气自然亲切，句间停顿明显。
句子练习,2.愿望与伙伴,5.语文园地二,园地,yuwenyuandi2-sentence,一辆车，一匹马，量词要用对。,,audio/sentences/yuwenyuandi2.mp3,完整句子朗读一遍，可作为后续句子补空和跟读素材。
生字单字,3.伙伴与快乐,1.小公鸡和小鸭子,课文,xiaogongji_xiaoyazi-word-0,他,tā,audio/words/xiaogongji_xiaoyazi-0.mp3,单字清晰读一遍，发音后留 0.2 秒空白，不要读解释。
生字单字,3.伙伴与快乐,1.小公鸡和小鸭子,课文,xiaogongji_xiaoyazi-word-1,河,hé,audio/words/xiaogongji_xiaoyazi-1.mp3,单字清晰读一遍，发音后留 0.2 秒空白，不要读解释。
生字单字,3.伙伴与快乐,1.小公鸡和小鸭子,课文,xiaogongji_xiaoyazi-word-2,说,shuō,audio/words/xiaogongji_xiaoyazi-2.mp3,单字清晰读一遍，发音后留 0.2 秒空白，不要读解释。
生字单字,3.伙伴与快乐,1.小公鸡和小鸭子,课文,xiaogongji_xiaoyazi-word-3,也,yě,audio/words/xiaogongji_xiaoyazi-3.mp3,单字清晰读一遍，发音后留 0.2 秒空白，不要读解释。
生字单字,3.伙伴与快乐,1.小公鸡和小鸭子,课文,xiaogongji_xiaoyazi-word-4,地,dì,audio/words/xiaogongji_xiaoyazi-4.mp3,单字清晰读一遍，发音后留 0.2 秒空白，不要读解释。
生字单字,3.伙伴与快乐,1.小公鸡和小鸭子,课文,xiaogongji_xiaoyazi-word-5,听,tīng,audio/words/xiaogongji_xiaoyazi-5.mp3,单字清晰读一遍，发音后留 0.2 秒空白，不要读解释。
课文朗读,3.伙伴与快乐,1.小公鸡和小鸭子,课文,xiaogongji_xiaoyazi-lesson,小伙伴互相帮助，心里很高兴。 完成任务后，大声读给家长听。,,audio/lessons/xiaogongji_xiaoyazi.mp3,按一年级学生听感慢速朗读，语气自然亲切，句间停顿明显。
句子练习,3.伙伴与快乐,1.小公鸡和小鸭子,课文,xiaogongji_xiaoyazi-sentence,小伙伴互相帮助，心里很高兴。,,audio/sentences/xiaogongji_xiaoyazi.mp3,完整句子朗读一遍，可作为后续句子补空和跟读素材。
生字单字,3.伙伴与快乐,2.树和喜鹊,课文,shu_he_xique-word-0,单,dān,audio/words/shu_he_xique-0.mp3,单字清晰读一遍，发音后留 0.2 秒空白，不要读解释。
生字单字,3.伙伴与快乐,2.树和喜鹊,课文,shu_he_xique-word-1,居,jū,audio/words/shu_he_xique-1.mp3,单字清晰读一遍，发音后留 0.2 秒空白，不要读解释。
生字单字,3.伙伴与快乐,2.树和喜鹊,课文,shu_he_xique-word-2,招,zhāo,audio/words/shu_he_xique-2.mp3,单字清晰读一遍，发音后留 0.2 秒空白，不要读解释。
生字单字,3.伙伴与快乐,2.树和喜鹊,课文,shu_he_xique-word-3,呼,hū,audio/words/shu_he_xique-3.mp3,单字清晰读一遍，发音后留 0.2 秒空白，不要读解释。
生字单字,3.伙伴与快乐,2.树和喜鹊,课文,shu_he_xique-word-4,快,kuài,audio/words/shu_he_xique-4.mp3,单字清晰读一遍，发音后留 0.2 秒空白，不要读解释。
生字单字,3.伙伴与快乐,2.树和喜鹊,课文,shu_he_xique-word-5,乐,lè,audio/words/shu_he_xique-5.mp3,单字清晰读一遍，发音后留 0.2 秒空白，不要读解释。
课文朗读,3.伙伴与快乐,2.树和喜鹊,课文,shu_he_xique-lesson,有了邻居，树和喜鹊都快乐。 完成任务后，大声读给家长听。,,audio/lessons/shu_he_xique.mp3,按一年级学生听感慢速朗读，语气自然亲切，句间停顿明显。
句子练习,3.伙伴与快乐,2.树和喜鹊,课文,shu_he_xique-sentence,有了邻居，树和喜鹊都快乐。,,audio/sentences/shu_he_xique.mp3,完整句子朗读一遍，可作为后续句子补空和跟读素材。
生字单字,3.伙伴与快乐,3.怎么都快乐,课文,zenme_dou_kuaile-word-0,玩,wán,audio/words/zenme_dou_kuaile-0.mp3,单字清晰读一遍，发音后留 0.2 秒空白，不要读解释。
生字单字,3.伙伴与快乐,3.怎么都快乐,课文,zenme_dou_kuaile-word-1,很,hěn,audio/words/zenme_dou_kuaile-1.mp3,单字清晰读一遍，发音后留 0.2 秒空白，不要读解释。
生字单字,3.伙伴与快乐,3.怎么都快乐,课文,zenme_dou_kuaile-word-2,当,dāng,audio/words/zenme_dou_kuaile-2.mp3,单字清晰读一遍，发音后留 0.2 秒空白，不要读解释。
生字单字,3.伙伴与快乐,3.怎么都快乐,课文,zenme_dou_kuaile-word-3,音,yīn,audio/words/zenme_dou_kuaile-3.mp3,单字清晰读一遍，发音后留 0.2 秒空白，不要读解释。
生字单字,3.伙伴与快乐,3.怎么都快乐,课文,zenme_dou_kuaile-word-4,讲,jiǎng,audio/words/zenme_dou_kuaile-4.mp3,单字清晰读一遍，发音后留 0.2 秒空白，不要读解释。
生字单字,3.伙伴与快乐,3.怎么都快乐,课文,zenme_dou_kuaile-word-5,行,xíng,audio/words/zenme_dou_kuaile-5.mp3,单字清晰读一遍，发音后留 0.2 秒空白，不要读解释。
课文朗读,3.伙伴与快乐,3.怎么都快乐,课文,zenme_dou_kuaile-lesson,一个人玩很好，许多人玩也快乐。 完成任务后，大声读给家长听。,,audio/lessons/zenme_dou_kuaile.mp3,按一年级学生听感慢速朗读，语气自然亲切，句间停顿明显。
句子练习,3.伙伴与快乐,3.怎么都快乐,课文,zenme_dou_kuaile-sentence,一个人玩很好，许多人玩也快乐。,,audio/sentences/zenme_dou_kuaile.mp3,完整句子朗读一遍，可作为后续句子补空和跟读素材。
生字单字,3.伙伴与快乐,4.请你帮个忙,口语交际,kouyu_bangmang-word-0,请,qǐng,audio/words/kouyu_bangmang-0.mp3,单字清晰读一遍，发音后留 0.2 秒空白，不要读解释。
生字单字,3.伙伴与快乐,4.请你帮个忙,口语交际,kouyu_bangmang-word-1,帮,bāng,audio/words/kouyu_bangmang-1.mp3,单字清晰读一遍，发音后留 0.2 秒空白，不要读解释。
生字单字,3.伙伴与快乐,4.请你帮个忙,口语交际,kouyu_bangmang-word-2,忙,máng,audio/words/kouyu_bangmang-2.mp3,单字清晰读一遍，发音后留 0.2 秒空白，不要读解释。
生字单字,3.伙伴与快乐,4.请你帮个忙,口语交际,kouyu_bangmang-word-3,借,jiè,audio/words/kouyu_bangmang-3.mp3,单字清晰读一遍，发音后留 0.2 秒空白，不要读解释。
生字单字,3.伙伴与快乐,4.请你帮个忙,口语交际,kouyu_bangmang-word-4,谢,xiè,audio/words/kouyu_bangmang-4.mp3,单字清晰读一遍，发音后留 0.2 秒空白，不要读解释。
生字单字,3.伙伴与快乐,4.请你帮个忙,口语交际,kouyu_bangmang-word-5,礼,lǐ,audio/words/kouyu_bangmang-5.mp3,单字清晰读一遍，发音后留 0.2 秒空白，不要读解释。
课文朗读,3.伙伴与快乐,4.请你帮个忙,口语交际,kouyu_bangmang-lesson,请别人帮忙，要把话说清楚。 完成任务后，大声读给家长听。,,audio/lessons/kouyu_bangmang.mp3,按一年级学生听感慢速朗读，语气自然亲切，句间停顿明显。
句子练习,3.伙伴与快乐,4.请你帮个忙,口语交际,kouyu_bangmang-sentence,请别人帮忙，要把话说清楚。,,audio/sentences/kouyu_bangmang.mp3,完整句子朗读一遍，可作为后续句子补空和跟读素材。
生字单字,3.伙伴与快乐,5.语文园地三,园地,yuwenyuandi3-word-0,查,chá,audio/words/yuwenyuandi3-0.mp3,单字清晰读一遍，发音后留 0.2 秒空白，不要读解释。
生字单字,3.伙伴与快乐,5.语文园地三,园地,yuwenyuandi3-word-1,字,zì,audio/words/yuwenyuandi3-1.mp3,单字清晰读一遍，发音后留 0.2 秒空白，不要读解释。
生字单字,3.伙伴与快乐,5.语文园地三,园地,yuwenyuandi3-word-2,典,diǎn,audio/words/yuwenyuandi3-2.mp3,单字清晰读一遍，发音后留 0.2 秒空白，不要读解释。
生字单字,3.伙伴与快乐,5.语文园地三,园地,yuwenyuandi3-word-3,音,yīn,audio/words/yuwenyuandi3-3.mp3,单字清晰读一遍，发音后留 0.2 秒空白，不要读解释。
生字单字,3.伙伴与快乐,5.语文园地三,园地,yuwenyuandi3-word-4,序,xù,audio/words/yuwenyuandi3-4.mp3,单字清晰读一遍，发音后留 0.2 秒空白，不要读解释。
生字单字,3.伙伴与快乐,5.语文园地三,园地,yuwenyuandi3-word-5,部,bù,audio/words/yuwenyuandi3-5.mp3,单字清晰读一遍，发音后留 0.2 秒空白，不要读解释。
课文朗读,3.伙伴与快乐,5.语文园地三,园地,yuwenyuandi3-lesson,遇到不认识的字，可以学着查字典。 完成任务后，大声读给家长听。,,audio/lessons/yuwenyuandi3.mp3,按一年级学生听感慢速朗读，语气自然亲切，句间停顿明显。
句子练习,3.伙伴与快乐,5.语文园地三,园地,yuwenyuandi3-sentence,遇到不认识的字，可以学着查字典。,,audio/sentences/yuwenyuandi3.mp3,完整句子朗读一遍，可作为后续句子补空和跟读素材。
生字单字,4.家人与节日,1.静夜思,古诗,jingyesi-word-0,思,sī,audio/words/jingyesi-0.mp3,单字清晰读一遍，发音后留 0.2 秒空白，不要读解释。
生字单字,4.家人与节日,1.静夜思,古诗,jingyesi-word-1,床,chuáng,audio/words/jingyesi-1.mp3,单字清晰读一遍，发音后留 0.2 秒空白，不要读解释。
生字单字,4.家人与节日,1.静夜思,古诗,jingyesi-word-2,前,qián,audio/words/jingyesi-2.mp3,单字清晰读一遍，发音后留 0.2 秒空白，不要读解释。
生字单字,4.家人与节日,1.静夜思,古诗,jingyesi-word-3,光,guāng,audio/words/jingyesi-3.mp3,单字清晰读一遍，发音后留 0.2 秒空白，不要读解释。
生字单字,4.家人与节日,1.静夜思,古诗,jingyesi-word-4,低,dī,audio/words/jingyesi-4.mp3,单字清晰读一遍，发音后留 0.2 秒空白，不要读解释。
生字单字,4.家人与节日,1.静夜思,古诗,jingyesi-word-5,故,gù,audio/words/jingyesi-5.mp3,单字清晰读一遍，发音后留 0.2 秒空白，不要读解释。
课文朗读,4.家人与节日,1.静夜思,古诗,jingyesi-lesson,读古诗时，要读出想家的心情。 完成任务后，大声读给家长听。,,audio/lessons/jingyesi.mp3,按一年级学生听感慢速朗读，语气自然亲切，句间停顿明显。
句子练习,4.家人与节日,1.静夜思,古诗,jingyesi-sentence,读古诗时，要读出想家的心情。,,audio/sentences/jingyesi.mp3,完整句子朗读一遍，可作为后续句子补空和跟读素材。
生字单字,4.家人与节日,2.夜色,课文,yese-word-0,色,sè,audio/words/yese-0.mp3,单字清晰读一遍，发音后留 0.2 秒空白，不要读解释。
生字单字,4.家人与节日,2.夜色,课文,yese-word-1,外,wài,audio/words/yese-1.mp3,单字清晰读一遍，发音后留 0.2 秒空白，不要读解释。
生字单字,4.家人与节日,2.夜色,课文,yese-word-2,看,kàn,audio/words/yese-2.mp3,单字清晰读一遍，发音后留 0.2 秒空白，不要读解释。
生字单字,4.家人与节日,2.夜色,课文,yese-word-3,爸,bà,audio/words/yese-3.mp3,单字清晰读一遍，发音后留 0.2 秒空白，不要读解释。
生字单字,4.家人与节日,2.夜色,课文,yese-word-4,晚,wǎn,audio/words/yese-4.mp3,单字清晰读一遍，发音后留 0.2 秒空白，不要读解释。
生字单字,4.家人与节日,2.夜色,课文,yese-word-5,笑,xiào,audio/words/yese-5.mp3,单字清晰读一遍，发音后留 0.2 秒空白，不要读解释。
课文朗读,4.家人与节日,2.夜色,课文,yese-lesson,夜晚并不可怕，外面的景色也很美。 完成任务后，大声读给家长听。,,audio/lessons/yese.mp3,按一年级学生听感慢速朗读，语气自然亲切，句间停顿明显。
句子练习,4.家人与节日,2.夜色,课文,yese-sentence,夜晚并不可怕，外面的景色也很美。,,audio/sentences/yese.mp3,完整句子朗读一遍，可作为后续句子补空和跟读素材。
生字单字,4.家人与节日,3.端午粽,课文,duanwuzong-word-0,午,wǔ,audio/words/duanwuzong-0.mp3,单字清晰读一遍，发音后留 0.2 秒空白，不要读解释。
生字单字,4.家人与节日,3.端午粽,课文,duanwuzong-word-1,节,jié,audio/words/duanwuzong-1.mp3,单字清晰读一遍，发音后留 0.2 秒空白，不要读解释。
生字单字,4.家人与节日,3.端午粽,课文,duanwuzong-word-2,叶,yè,audio/words/duanwuzong-2.mp3,单字清晰读一遍，发音后留 0.2 秒空白，不要读解释。
生字单字,4.家人与节日,3.端午粽,课文,duanwuzong-word-3,米,mǐ,audio/words/duanwuzong-3.mp3,单字清晰读一遍，发音后留 0.2 秒空白，不要读解释。
生字单字,4.家人与节日,3.端午粽,课文,duanwuzong-word-4,真,zhēn,audio/words/duanwuzong-4.mp3,单字清晰读一遍，发音后留 0.2 秒空白，不要读解释。
生字单字,4.家人与节日,3.端午粽,课文,duanwuzong-word-5,分,fēn,audio/words/duanwuzong-5.mp3,单字清晰读一遍，发音后留 0.2 秒空白，不要读解释。
课文朗读,4.家人与节日,3.端午粽,课文,duanwuzong-lesson,端午节吃粽子，也记住家人的味道。 完成任务后，大声读给家长听。,,audio/lessons/duanwuzong.mp3,按一年级学生听感慢速朗读，语气自然亲切，句间停顿明显。
句子练习,4.家人与节日,3.端午粽,课文,duanwuzong-sentence,端午节吃粽子，也记住家人的味道。,,audio/sentences/duanwuzong.mp3,完整句子朗读一遍，可作为后续句子补空和跟读素材。
生字单字,4.家人与节日,4.彩虹,课文,caihong-word-0,那,nà,audio/words/caihong-0.mp3,单字清晰读一遍，发音后留 0.2 秒空白，不要读解释。
生字单字,4.家人与节日,4.彩虹,课文,caihong-word-1,着,zhe,audio/words/caihong-1.mp3,单字清晰读一遍，发音后留 0.2 秒空白，不要读解释。
生字单字,4.家人与节日,4.彩虹,课文,caihong-word-2,到,dào,audio/words/caihong-2.mp3,单字清晰读一遍，发音后留 0.2 秒空白，不要读解释。
生字单字,4.家人与节日,4.彩虹,课文,caihong-word-3,高,gāo,audio/words/caihong-3.mp3,单字清晰读一遍，发音后留 0.2 秒空白，不要读解释。
生字单字,4.家人与节日,4.彩虹,课文,caihong-word-4,兴,xìng,audio/words/caihong-4.mp3,单字清晰读一遍，发音后留 0.2 秒空白，不要读解释。
生字单字,4.家人与节日,4.彩虹,课文,caihong-word-5,千,qiān,audio/words/caihong-5.mp3,单字清晰读一遍，发音后留 0.2 秒空白，不要读解释。
课文朗读,4.家人与节日,4.彩虹,课文,caihong-lesson,彩虹像一座美丽的小桥。 完成任务后，大声读给家长听。,,audio/lessons/caihong.mp3,按一年级学生听感慢速朗读，语气自然亲切，句间停顿明显。
句子练习,4.家人与节日,4.彩虹,课文,caihong-sentence,彩虹像一座美丽的小桥。,,audio/sentences/caihong.mp3,完整句子朗读一遍，可作为后续句子补空和跟读素材。
生字单字,4.家人与节日,5.语文园地四,园地,yuwenyuandi4-word-0,胆,dǎn,audio/words/yuwenyuandi4-0.mp3,单字清晰读一遍，发音后留 0.2 秒空白，不要读解释。
生字单字,4.家人与节日,5.语文园地四,园地,yuwenyuandi4-word-1,粽,zòng,audio/words/yuwenyuandi4-1.mp3,单字清晰读一遍，发音后留 0.2 秒空白，不要读解释。
生字单字,4.家人与节日,5.语文园地四,园地,yuwenyuandi4-word-2,虹,hóng,audio/words/yuwenyuandi4-2.mp3,单字清晰读一遍，发音后留 0.2 秒空白，不要读解释。
生字单字,4.家人与节日,5.语文园地四,园地,yuwenyuandi4-word-3,据,jù,audio/words/yuwenyuandi4-3.mp3,单字清晰读一遍，发音后留 0.2 秒空白，不要读解释。
生字单字,4.家人与节日,5.语文园地四,园地,yuwenyuandi4-word-4,原,yuán,audio/words/yuwenyuandi4-4.mp3,单字清晰读一遍，发音后留 0.2 秒空白，不要读解释。
生字单字,4.家人与节日,5.语文园地四,园地,yuwenyuandi4-word-5,微,wēi,audio/words/yuwenyuandi4-5.mp3,单字清晰读一遍，发音后留 0.2 秒空白，不要读解释。
课文朗读,4.家人与节日,5.语文园地四,园地,yuwenyuandi4-lesson,在园地里复习节日、夜色和古诗。 完成任务后，大声读给家长听。,,audio/lessons/yuwenyuandi4.mp3,按一年级学生听感慢速朗读，语气自然亲切，句间停顿明显。
句子练习,4.家人与节日,5.语文园地四,园地,yuwenyuandi4-sentence,在园地里复习节日、夜色和古诗。,,audio/sentences/yuwenyuandi4.mp3,完整句子朗读一遍，可作为后续句子补空和跟读素材。
生字单字,5.识字与运动,1.动物儿歌,识字,dongwu_erge-word-0,间,jiān,audio/words/dongwu_erge-0.mp3,单字清晰读一遍，发音后留 0.2 秒空白，不要读解释。
生字单字,5.识字与运动,1.动物儿歌,识字,dongwu_erge-word-1,迷,mí,audio/words/dongwu_erge-1.mp3,单字清晰读一遍，发音后留 0.2 秒空白，不要读解释。
生字单字,5.识字与运动,1.动物儿歌,识字,dongwu_erge-word-2,造,zào,audio/words/dongwu_erge-2.mp3,单字清晰读一遍，发音后留 0.2 秒空白，不要读解释。
生字单字,5.识字与运动,1.动物儿歌,识字,dongwu_erge-word-3,运,yùn,audio/words/dongwu_erge-3.mp3,单字清晰读一遍，发音后留 0.2 秒空白，不要读解释。
生字单字,5.识字与运动,1.动物儿歌,识字,dongwu_erge-word-4,池,chí,audio/words/dongwu_erge-4.mp3,单字清晰读一遍，发音后留 0.2 秒空白，不要读解释。
生字单字,5.识字与运动,1.动物儿歌,识字,dongwu_erge-word-5,欢,huān,audio/words/dongwu_erge-5.mp3,单字清晰读一遍，发音后留 0.2 秒空白，不要读解释。
课文朗读,5.识字与运动,1.动物儿歌,识字,dongwu_erge-lesson,读动物儿歌，找一找虫字旁的字。 完成任务后，大声读给家长听。,,audio/lessons/dongwu_erge.mp3,按一年级学生听感慢速朗读，语气自然亲切，句间停顿明显。
句子练习,5.识字与运动,1.动物儿歌,识字,dongwu_erge-sentence,读动物儿歌，找一找虫字旁的字。,,audio/sentences/dongwu_erge.mp3,完整句子朗读一遍，可作为后续句子补空和跟读素材。
生字单字,5.识字与运动,2.古对今,识字,guduijin-word-0,古,gǔ,audio/words/guduijin-0.mp3,单字清晰读一遍，发音后留 0.2 秒空白，不要读解释。
生字单字,5.识字与运动,2.古对今,识字,guduijin-word-1,凉,liáng,audio/words/guduijin-1.mp3,单字清晰读一遍，发音后留 0.2 秒空白，不要读解释。
生字单字,5.识字与运动,2.古对今,识字,guduijin-word-2,细,xì,audio/words/guduijin-2.mp3,单字清晰读一遍，发音后留 0.2 秒空白，不要读解释。
生字单字,5.识字与运动,2.古对今,识字,guduijin-word-3,夕,xī,audio/words/guduijin-3.mp3,单字清晰读一遍，发音后留 0.2 秒空白，不要读解释。
生字单字,5.识字与运动,2.古对今,识字,guduijin-word-4,李,lǐ,audio/words/guduijin-4.mp3,单字清晰读一遍，发音后留 0.2 秒空白，不要读解释。
生字单字,5.识字与运动,2.古对今,识字,guduijin-word-5,语,yǔ,audio/words/guduijin-5.mp3,单字清晰读一遍，发音后留 0.2 秒空白，不要读解释。
课文朗读,5.识字与运动,2.古对今,识字,guduijin-lesson,古对今，圆对方，对子读起来有节奏。 完成任务后，大声读给家长听。,,audio/lessons/guduijin.mp3,按一年级学生听感慢速朗读，语气自然亲切，句间停顿明显。
句子练习,5.识字与运动,2.古对今,识字,guduijin-sentence,古对今，圆对方，对子读起来有节奏。,,audio/sentences/guduijin.mp3,完整句子朗读一遍，可作为后续句子补空和跟读素材。
生字单字,5.识字与运动,3.操场上,识字,caochangshang-word-0,打,dǎ,audio/words/caochangshang-0.mp3,单字清晰读一遍，发音后留 0.2 秒空白，不要读解释。
生字单字,5.识字与运动,3.操场上,识字,caochangshang-word-1,拍,pāi,audio/words/caochangshang-1.mp3,单字清晰读一遍，发音后留 0.2 秒空白，不要读解释。
生字单字,5.识字与运动,3.操场上,识字,caochangshang-word-2,跑,pǎo,audio/words/caochangshang-2.mp3,单字清晰读一遍，发音后留 0.2 秒空白，不要读解释。
生字单字,5.识字与运动,3.操场上,识字,caochangshang-word-3,足,zú,audio/words/caochangshang-3.mp3,单字清晰读一遍，发音后留 0.2 秒空白，不要读解释。
生字单字,5.识字与运动,3.操场上,识字,caochangshang-word-4,声,shēng,audio/words/caochangshang-4.mp3,单字清晰读一遍，发音后留 0.2 秒空白，不要读解释。
生字单字,5.识字与运动,3.操场上,识字,caochangshang-word-5,身,shēn,audio/words/caochangshang-5.mp3,单字清晰读一遍，发音后留 0.2 秒空白，不要读解释。
课文朗读,5.识字与运动,3.操场上,识字,caochangshang-lesson,操场上真热闹，大家一起运动。 完成任务后，大声读给家长听。,,audio/lessons/caochangshang.mp3,按一年级学生听感慢速朗读，语气自然亲切，句间停顿明显。
句子练习,5.识字与运动,3.操场上,识字,caochangshang-sentence,操场上真热闹，大家一起运动。,,audio/sentences/caochangshang.mp3,完整句子朗读一遍，可作为后续句子补空和跟读素材。
生字单字,5.识字与运动,4.人之初,识字,renzhichu-word-0,之,zhī,audio/words/renzhichu-0.mp3,单字清晰读一遍，发音后留 0.2 秒空白，不要读解释。
生字单字,5.识字与运动,4.人之初,识字,renzhichu-word-1,初,chū,audio/words/renzhichu-1.mp3,单字清晰读一遍，发音后留 0.2 秒空白，不要读解释。
生字单字,5.识字与运动,4.人之初,识字,renzhichu-word-2,性,xìng,audio/words/renzhichu-2.mp3,单字清晰读一遍，发音后留 0.2 秒空白，不要读解释。
生字单字,5.识字与运动,4.人之初,识字,renzhichu-word-3,善,shàn,audio/words/renzhichu-3.mp3,单字清晰读一遍，发音后留 0.2 秒空白，不要读解释。
生字单字,5.识字与运动,4.人之初,识字,renzhichu-word-4,习,xí,audio/words/renzhichu-4.mp3,单字清晰读一遍，发音后留 0.2 秒空白，不要读解释。
生字单字,5.识字与运动,4.人之初,识字,renzhichu-word-5,教,jiào,audio/words/renzhichu-5.mp3,单字清晰读一遍，发音后留 0.2 秒空白，不要读解释。
课文朗读,5.识字与运动,4.人之初,识字,renzhichu-lesson,读蒙学句子，明白学习和习惯很重要。 完成任务后，大声读给家长听。,,audio/lessons/renzhichu.mp3,按一年级学生听感慢速朗读，语气自然亲切，句间停顿明显。
句子练习,5.识字与运动,4.人之初,识字,renzhichu-sentence,读蒙学句子，明白学习和习惯很重要。,,audio/sentences/renzhichu.mp3,完整句子朗读一遍，可作为后续句子补空和跟读素材。
生字单字,5.识字与运动,5.打电话,口语交际,kouyu_dadianhua-word-0,电,diàn,audio/words/kouyu_dadianhua-0.mp3,单字清晰读一遍，发音后留 0.2 秒空白，不要读解释。
生字单字,5.识字与运动,5.打电话,口语交际,kouyu_dadianhua-word-1,话,huà,audio/words/kouyu_dadianhua-1.mp3,单字清晰读一遍，发音后留 0.2 秒空白，不要读解释。
生字单字,5.识字与运动,5.打电话,口语交际,kouyu_dadianhua-word-2,喂,wéi,audio/words/kouyu_dadianhua-2.mp3,单字清晰读一遍，发音后留 0.2 秒空白，不要读解释。
生字单字,5.识字与运动,5.打电话,口语交际,kouyu_dadianhua-word-3,请,qǐng,audio/words/kouyu_dadianhua-3.mp3,单字清晰读一遍，发音后留 0.2 秒空白，不要读解释。
生字单字,5.识字与运动,5.打电话,口语交际,kouyu_dadianhua-word-4,再,zài,audio/words/kouyu_dadianhua-4.mp3,单字清晰读一遍，发音后留 0.2 秒空白，不要读解释。
生字单字,5.识字与运动,5.打电话,口语交际,kouyu_dadianhua-word-5,见,jiàn,audio/words/kouyu_dadianhua-5.mp3,单字清晰读一遍，发音后留 0.2 秒空白，不要读解释。
课文朗读,5.识字与运动,5.打电话,口语交际,kouyu_dadianhua-lesson,打电话要先问好，再把事情说清楚。 完成任务后，大声读给家长听。,,audio/lessons/kouyu_dadianhua.mp3,按一年级学生听感慢速朗读，语气自然亲切，句间停顿明显。
句子练习,5.识字与运动,5.打电话,口语交际,kouyu_dadianhua-sentence,打电话要先问好，再把事情说清楚。,,audio/sentences/kouyu_dadianhua.mp3,完整句子朗读一遍，可作为后续句子补空和跟读素材。
生字单字,5.识字与运动,6.语文园地五,园地,yuwenyuandi5-word-0,饭,fàn,audio/words/yuwenyuandi5-0.mp3,单字清晰读一遍，发音后留 0.2 秒空白，不要读解释。
生字单字,5.识字与运动,6.语文园地五,园地,yuwenyuandi5-word-1,能,néng,audio/words/yuwenyuandi5-1.mp3,单字清晰读一遍，发音后留 0.2 秒空白，不要读解释。
生字单字,5.识字与运动,6.语文园地五,园地,yuwenyuandi5-word-2,饱,bǎo,audio/words/yuwenyuandi5-2.mp3,单字清晰读一遍，发音后留 0.2 秒空白，不要读解释。
生字单字,5.识字与运动,6.语文园地五,园地,yuwenyuandi5-word-3,茶,chá,audio/words/yuwenyuandi5-3.mp3,单字清晰读一遍，发音后留 0.2 秒空白，不要读解释。
生字单字,5.识字与运动,6.语文园地五,园地,yuwenyuandi5-word-4,泡,pào,audio/words/yuwenyuandi5-4.mp3,单字清晰读一遍，发音后留 0.2 秒空白，不要读解释。
生字单字,5.识字与运动,6.语文园地五,园地,yuwenyuandi5-word-5,轻,qīng,audio/words/yuwenyuandi5-5.mp3,单字清晰读一遍，发音后留 0.2 秒空白，不要读解释。
课文朗读,5.识字与运动,6.语文园地五,园地,yuwenyuandi5-lesson,在园地里复习偏旁和生活中的字。 完成任务后，大声读给家长听。,,audio/lessons/yuwenyuandi5.mp3,按一年级学生听感慢速朗读，语气自然亲切，句间停顿明显。
句子练习,5.识字与运动,6.语文园地五,园地,yuwenyuandi5-sentence,在园地里复习偏旁和生活中的字。,,audio/sentences/yuwenyuandi5.mp3,完整句子朗读一遍，可作为后续句子补空和跟读素材。
生字单字,6.夏天与自然,1.古诗二首,古诗,gushi_ershou-word-0,首,shǒu,audio/words/gushi_ershou-0.mp3,单字清晰读一遍，发音后留 0.2 秒空白，不要读解释。
生字单字,6.夏天与自然,1.古诗二首,古诗,gushi_ershou-word-1,采,cǎi,audio/words/gushi_ershou-1.mp3,单字清晰读一遍，发音后留 0.2 秒空白，不要读解释。
生字单字,6.夏天与自然,1.古诗二首,古诗,gushi_ershou-word-2,无,wú,audio/words/gushi_ershou-2.mp3,单字清晰读一遍，发音后留 0.2 秒空白，不要读解释。
生字单字,6.夏天与自然,1.古诗二首,古诗,gushi_ershou-word-3,树,shù,audio/words/gushi_ershou-3.mp3,单字清晰读一遍，发音后留 0.2 秒空白，不要读解释。
生字单字,6.夏天与自然,1.古诗二首,古诗,gushi_ershou-word-4,爱,ài,audio/words/gushi_ershou-4.mp3,单字清晰读一遍，发音后留 0.2 秒空白，不要读解释。
生字单字,6.夏天与自然,1.古诗二首,古诗,gushi_ershou-word-5,尖,jiān,audio/words/gushi_ershou-5.mp3,单字清晰读一遍，发音后留 0.2 秒空白，不要读解释。
课文朗读,6.夏天与自然,1.古诗二首,古诗,gushi_ershou-lesson,读《池上》和《小池》，想象夏天的画面。 完成任务后，大声读给家长听。,,audio/lessons/gushi_ershou.mp3,按一年级学生听感慢速朗读，语气自然亲切，句间停顿明显。
句子练习,6.夏天与自然,1.古诗二首,古诗,gushi_ershou-sentence,读《池上》和《小池》，想象夏天的画面。,,audio/sentences/gushi_ershou.mp3,完整句子朗读一遍，可作为后续句子补空和跟读素材。
生字单字,6.夏天与自然,2.荷叶圆圆,课文,heye_yuanyuan-word-0,亮,liàng,audio/words/heye_yuanyuan-0.mp3,单字清晰读一遍，发音后留 0.2 秒空白，不要读解释。
生字单字,6.夏天与自然,2.荷叶圆圆,课文,heye_yuanyuan-word-1,机,jī,audio/words/heye_yuanyuan-1.mp3,单字清晰读一遍，发音后留 0.2 秒空白，不要读解释。
生字单字,6.夏天与自然,2.荷叶圆圆,课文,heye_yuanyuan-word-2,台,tái,audio/words/heye_yuanyuan-2.mp3,单字清晰读一遍，发音后留 0.2 秒空白，不要读解释。
生字单字,6.夏天与自然,2.荷叶圆圆,课文,heye_yuanyuan-word-3,放,fàng,audio/words/heye_yuanyuan-3.mp3,单字清晰读一遍，发音后留 0.2 秒空白，不要读解释。
生字单字,6.夏天与自然,2.荷叶圆圆,课文,heye_yuanyuan-word-4,鱼,yú,audio/words/heye_yuanyuan-4.mp3,单字清晰读一遍，发音后留 0.2 秒空白，不要读解释。
生字单字,6.夏天与自然,2.荷叶圆圆,课文,heye_yuanyuan-word-5,朵,duǒ,audio/words/heye_yuanyuan-5.mp3,单字清晰读一遍，发音后留 0.2 秒空白，不要读解释。
课文朗读,6.夏天与自然,2.荷叶圆圆,课文,heye_yuanyuan-lesson,荷叶圆圆的，像一把绿色的小伞。 完成任务后，大声读给家长听。,,audio/lessons/heye_yuanyuan.mp3,按一年级学生听感慢速朗读，语气自然亲切，句间停顿明显。
句子练习,6.夏天与自然,2.荷叶圆圆,课文,heye_yuanyuan-sentence,荷叶圆圆的，像一把绿色的小伞。,,audio/sentences/heye_yuanyuan.mp3,完整句子朗读一遍，可作为后续句子补空和跟读素材。
生字单字,6.夏天与自然,3.要下雨了,课文,yao_xiayu_le-word-0,直,zhí,audio/words/yao_xiayu_le-0.mp3,单字清晰读一遍，发音后留 0.2 秒空白，不要读解释。
生字单字,6.夏天与自然,3.要下雨了,课文,yao_xiayu_le-word-1,呀,ya,audio/words/yao_xiayu_le-1.mp3,单字清晰读一遍，发音后留 0.2 秒空白，不要读解释。
生字单字,6.夏天与自然,3.要下雨了,课文,yao_xiayu_le-word-2,边,biān,audio/words/yao_xiayu_le-2.mp3,单字清晰读一遍，发音后留 0.2 秒空白，不要读解释。
生字单字,6.夏天与自然,3.要下雨了,课文,yao_xiayu_le-word-3,吗,ma,audio/words/yao_xiayu_le-3.mp3,单字清晰读一遍，发音后留 0.2 秒空白，不要读解释。
生字单字,6.夏天与自然,3.要下雨了,课文,yao_xiayu_le-word-4,加,jiā,audio/words/yao_xiayu_le-4.mp3,单字清晰读一遍，发音后留 0.2 秒空白，不要读解释。
生字单字,6.夏天与自然,3.要下雨了,课文,yao_xiayu_le-word-5,呢,ne,audio/words/yao_xiayu_le-5.mp3,单字清晰读一遍，发音后留 0.2 秒空白，不要读解释。
课文朗读,6.夏天与自然,3.要下雨了,课文,yao_xiayu_le-lesson,天快下雨了，先观察身边的变化。 完成任务后，大声读给家长听。,,audio/lessons/yao_xiayu_le.mp3,按一年级学生听感慢速朗读，语气自然亲切，句间停顿明显。
句子练习,6.夏天与自然,3.要下雨了,课文,yao_xiayu_le-sentence,天快下雨了，先观察身边的变化。,,audio/sentences/yao_xiayu_le.mp3,完整句子朗读一遍，可作为后续句子补空和跟读素材。
生字单字,6.夏天与自然,4.语文园地六,园地,yuwenyuandi6-word-0,棍,gùn,audio/words/yuwenyuandi6-0.mp3,单字清晰读一遍，发音后留 0.2 秒空白，不要读解释。
生字单字,6.夏天与自然,4.语文园地六,园地,yuwenyuandi6-word-1,汤,tāng,audio/words/yuwenyuandi6-1.mp3,单字清晰读一遍，发音后留 0.2 秒空白，不要读解释。
生字单字,6.夏天与自然,4.语文园地六,园地,yuwenyuandi6-word-2,扇,shàn,audio/words/yuwenyuandi6-2.mp3,单字清晰读一遍，发音后留 0.2 秒空白，不要读解释。
生字单字,6.夏天与自然,4.语文园地六,园地,yuwenyuandi6-word-3,椅,yǐ,audio/words/yuwenyuandi6-3.mp3,单字清晰读一遍，发音后留 0.2 秒空白，不要读解释。
生字单字,6.夏天与自然,4.语文园地六,园地,yuwenyuandi6-word-4,萤,yíng,audio/words/yuwenyuandi6-4.mp3,单字清晰读一遍，发音后留 0.2 秒空白，不要读解释。
生字单字,6.夏天与自然,4.语文园地六,园地,yuwenyuandi6-word-5,牵,qiān,audio/words/yuwenyuandi6-5.mp3,单字清晰读一遍，发音后留 0.2 秒空白，不要读解释。
课文朗读,6.夏天与自然,4.语文园地六,园地,yuwenyuandi6-lesson,在园地里复习夏天和天气词语。 完成任务后，大声读给家长听。,,audio/lessons/yuwenyuandi6.mp3,按一年级学生听感慢速朗读，语气自然亲切，句间停顿明显。
句子练习,6.夏天与自然,4.语文园地六,园地,yuwenyuandi6-sentence,在园地里复习夏天和天气词语。,,audio/sentences/yuwenyuandi6.mp3,完整句子朗读一遍，可作为后续句子补空和跟读素材。
生字单字,7.生活好习惯,1.文具的家,生活,wenjudejia-word-0,文,wén,audio/words/wenjudejia-0.mp3,单字清晰读一遍，发音后留 0.2 秒空白，不要读解释。
生字单字,7.生活好习惯,1.文具的家,生活,wenjudejia-word-1,次,cì,audio/words/wenjudejia-1.mp3,单字清晰读一遍，发音后留 0.2 秒空白，不要读解释。
生字单字,7.生活好习惯,1.文具的家,生活,wenjudejia-word-2,找,zhǎo,audio/words/wenjudejia-2.mp3,单字清晰读一遍，发音后留 0.2 秒空白，不要读解释。
生字单字,7.生活好习惯,1.文具的家,生活,wenjudejia-word-3,平,píng,audio/words/wenjudejia-3.mp3,单字清晰读一遍，发音后留 0.2 秒空白，不要读解释。
生字单字,7.生活好习惯,1.文具的家,生活,wenjudejia-word-4,办,bàn,audio/words/wenjudejia-4.mp3,单字清晰读一遍，发音后留 0.2 秒空白，不要读解释。
生字单字,7.生活好习惯,1.文具的家,生活,wenjudejia-word-5,让,ràng,audio/words/wenjudejia-5.mp3,单字清晰读一遍，发音后留 0.2 秒空白，不要读解释。
课文朗读,7.生活好习惯,1.文具的家,生活,wenjudejia-lesson,文具盒，是文具的家。 用完文具要收好。,,audio/lessons/wenjudejia.mp3,按一年级学生听感慢速朗读，语气自然亲切，句间停顿明显。
句子练习,7.生活好习惯,1.文具的家,生活,wenjudejia-sentence,文具也有自己的家。,,audio/sentences/wenjudejia.mp3,完整句子朗读一遍，可作为后续句子补空和跟读素材。
生字单字,7.生活好习惯,2.一分钟,时间,yifenzhong-word-0,钟,zhōng,audio/words/yifenzhong-0.mp3,单字清晰读一遍，发音后留 0.2 秒空白，不要读解释。
生字单字,7.生活好习惯,2.一分钟,时间,yifenzhong-word-1,元,yuán,audio/words/yifenzhong-1.mp3,单字清晰读一遍，发音后留 0.2 秒空白，不要读解释。
生字单字,7.生活好习惯,2.一分钟,时间,yifenzhong-word-2,洗,xǐ,audio/words/yifenzhong-2.mp3,单字清晰读一遍，发音后留 0.2 秒空白，不要读解释。
生字单字,7.生活好习惯,2.一分钟,时间,yifenzhong-word-3,共,gòng,audio/words/yifenzhong-3.mp3,单字清晰读一遍，发音后留 0.2 秒空白，不要读解释。
生字单字,7.生活好习惯,2.一分钟,时间,yifenzhong-word-4,已,yǐ,audio/words/yifenzhong-4.mp3,单字清晰读一遍，发音后留 0.2 秒空白，不要读解释。
生字单字,7.生活好习惯,2.一分钟,时间,yifenzhong-word-5,经,jīng,audio/words/yifenzhong-5.mp3,单字清晰读一遍，发音后留 0.2 秒空白，不要读解释。
课文朗读,7.生活好习惯,2.一分钟,时间,yifenzhong-lesson,一分钟，很短。 一分钟，也能做很多事。,,audio/lessons/yifenzhong.mp3,按一年级学生听感慢速朗读，语气自然亲切，句间停顿明显。
句子练习,7.生活好习惯,2.一分钟,时间,yifenzhong-sentence,一分钟能做很多事。,,audio/sentences/yifenzhong.mp3,完整句子朗读一遍，可作为后续句子补空和跟读素材。
生字单字,7.生活好习惯,3.动物王国开大会,故事,dongwuwangguokaidahui-word-0,物,wù,audio/words/dongwuwangguokaidahui-0.mp3,单字清晰读一遍，发音后留 0.2 秒空白，不要读解释。
生字单字,7.生活好习惯,3.动物王国开大会,故事,dongwuwangguokaidahui-word-1,虎,hǔ,audio/words/dongwuwangguokaidahui-1.mp3,单字清晰读一遍，发音后留 0.2 秒空白，不要读解释。
生字单字,7.生活好习惯,3.动物王国开大会,故事,dongwuwangguokaidahui-word-2,熊,xióng,audio/words/dongwuwangguokaidahui-2.mp3,单字清晰读一遍，发音后留 0.2 秒空白，不要读解释。
生字单字,7.生活好习惯,3.动物王国开大会,故事,dongwuwangguokaidahui-word-3,通,tōng,audio/words/dongwuwangguokaidahui-3.mp3,单字清晰读一遍，发音后留 0.2 秒空白，不要读解释。
生字单字,7.生活好习惯,3.动物王国开大会,故事,dongwuwangguokaidahui-word-4,注,zhù,audio/words/dongwuwangguokaidahui-4.mp3,单字清晰读一遍，发音后留 0.2 秒空白，不要读解释。
生字单字,7.生活好习惯,3.动物王国开大会,故事,dongwuwangguokaidahui-word-5,意,yì,audio/words/dongwuwangguokaidahui-5.mp3,单字清晰读一遍，发音后留 0.2 秒空白，不要读解释。
课文朗读,7.生活好习惯,3.动物王国开大会,故事,dongwuwangguokaidahui-lesson,动物王国开大会。 通知说清楚，大家不迷路。,,audio/lessons/dongwuwangguokaidahui.mp3,按一年级学生听感慢速朗读，语气自然亲切，句间停顿明显。
句子练习,7.生活好习惯,3.动物王国开大会,故事,dongwuwangguokaidahui-sentence,通知要说清时间和地点。,,audio/sentences/dongwuwangguokaidahui.mp3,完整句子朗读一遍，可作为后续句子补空和跟读素材。
生字单字,7.生活好习惯,4.小猴子下山,故事,xiaohouzixiashan-word-0,块,kuài,audio/words/xiaohouzixiashan-0.mp3,单字清晰读一遍，发音后留 0.2 秒空白，不要读解释。
生字单字,7.生活好习惯,4.小猴子下山,故事,xiaohouzixiashan-word-1,非,fēi,audio/words/xiaohouzixiashan-1.mp3,单字清晰读一遍，发音后留 0.2 秒空白，不要读解释。
生字单字,7.生活好习惯,4.小猴子下山,故事,xiaohouzixiashan-word-2,常,cháng,audio/words/xiaohouzixiashan-2.mp3,单字清晰读一遍，发音后留 0.2 秒空白，不要读解释。
生字单字,7.生活好习惯,4.小猴子下山,故事,xiaohouzixiashan-word-3,往,wǎng,audio/words/xiaohouzixiashan-3.mp3,单字清晰读一遍，发音后留 0.2 秒空白，不要读解释。
生字单字,7.生活好习惯,4.小猴子下山,故事,xiaohouzixiashan-word-4,瓜,guā,audio/words/xiaohouzixiashan-4.mp3,单字清晰读一遍，发音后留 0.2 秒空白，不要读解释。
生字单字,7.生活好习惯,4.小猴子下山,故事,xiaohouzixiashan-word-5,进,jìn,audio/words/xiaohouzixiashan-5.mp3,单字清晰读一遍，发音后留 0.2 秒空白，不要读解释。
课文朗读,7.生活好习惯,4.小猴子下山,故事,xiaohouzixiashan-lesson,小猴子下山来。 做事要一心一意。,,audio/lessons/xiaohouzixiashan.mp3,按一年级学生听感慢速朗读，语气自然亲切，句间停顿明显。
句子练习,7.生活好习惯,4.小猴子下山,故事,xiaohouzixiashan-sentence,小猴子看见什么都想要。,,audio/sentences/xiaohouzixiashan.mp3,完整句子朗读一遍，可作为后续句子补空和跟读素材。
生字单字,7.生活好习惯,5.一起做游戏,口语交际,kouyu_zuoyouxi-word-0,游,yóu,audio/words/kouyu_zuoyouxi-0.mp3,单字清晰读一遍，发音后留 0.2 秒空白，不要读解释。
生字单字,7.生活好习惯,5.一起做游戏,口语交际,kouyu_zuoyouxi-word-1,戏,xì,audio/words/kouyu_zuoyouxi-1.mp3,单字清晰读一遍，发音后留 0.2 秒空白，不要读解释。
生字单字,7.生活好习惯,5.一起做游戏,口语交际,kouyu_zuoyouxi-word-2,规,guī,audio/words/kouyu_zuoyouxi-2.mp3,单字清晰读一遍，发音后留 0.2 秒空白，不要读解释。
生字单字,7.生活好习惯,5.一起做游戏,口语交际,kouyu_zuoyouxi-word-3,则,zé,audio/words/kouyu_zuoyouxi-3.mp3,单字清晰读一遍，发音后留 0.2 秒空白，不要读解释。
生字单字,7.生活好习惯,5.一起做游戏,口语交际,kouyu_zuoyouxi-word-4,轮,lún,audio/words/kouyu_zuoyouxi-4.mp3,单字清晰读一遍，发音后留 0.2 秒空白，不要读解释。
生字单字,7.生活好习惯,5.一起做游戏,口语交际,kouyu_zuoyouxi-word-5,流,liú,audio/words/kouyu_zuoyouxi-5.mp3,单字清晰读一遍，发音后留 0.2 秒空白，不要读解释。
课文朗读,7.生活好习惯,5.一起做游戏,口语交际,kouyu_zuoyouxi-lesson,一起做游戏，要先说清规则。 完成任务后，大声读给家长听。,,audio/lessons/kouyu_zuoyouxi.mp3,按一年级学生听感慢速朗读，语气自然亲切，句间停顿明显。
句子练习,7.生活好习惯,5.一起做游戏,口语交际,kouyu_zuoyouxi-sentence,一起做游戏，要先说清规则。,,audio/sentences/kouyu_zuoyouxi.mp3,完整句子朗读一遍，可作为后续句子补空和跟读素材。
生字单字,7.生活好习惯,6.语文园地七,园地,yuwenyuandi7-word-0,吵,chǎo,audio/words/yuwenyuandi7-0.mp3,单字清晰读一遍，发音后留 0.2 秒空白，不要读解释。
生字单字,7.生活好习惯,6.语文园地七,园地,yuwenyuandi7-word-1,胖,pàng,audio/words/yuwenyuandi7-1.mp3,单字清晰读一遍，发音后留 0.2 秒空白，不要读解释。
生字单字,7.生活好习惯,6.语文园地七,园地,yuwenyuandi7-word-2,岁,suì,audio/words/yuwenyuandi7-2.mp3,单字清晰读一遍，发音后留 0.2 秒空白，不要读解释。
生字单字,7.生活好习惯,6.语文园地七,园地,yuwenyuandi7-word-3,现,xiàn,audio/words/yuwenyuandi7-3.mp3,单字清晰读一遍，发音后留 0.2 秒空白，不要读解释。
生字单字,7.生活好习惯,6.语文园地七,园地,yuwenyuandi7-word-4,票,piào,audio/words/yuwenyuandi7-4.mp3,单字清晰读一遍，发音后留 0.2 秒空白，不要读解释。
生字单字,7.生活好习惯,6.语文园地七,园地,yuwenyuandi7-word-5,交,jiāo,audio/words/yuwenyuandi7-5.mp3,单字清晰读一遍，发音后留 0.2 秒空白，不要读解释。
课文朗读,7.生活好习惯,6.语文园地七,园地,yuwenyuandi7-lesson,在园地里复习生活中的好习惯。 完成任务后，大声读给家长听。,,audio/lessons/yuwenyuandi7.mp3,按一年级学生听感慢速朗读，语气自然亲切，句间停顿明显。
句子练习,7.生活好习惯,6.语文园地七,园地,yuwenyuandi7-sentence,在园地里复习生活中的好习惯。,,audio/sentences/yuwenyuandi7.mp3,完整句子朗读一遍，可作为后续句子补空和跟读素材。
生字单字,8.问号与故事,1.棉花姑娘,课文,mianhua_guniang-word-0,病,bìng,audio/words/mianhua_guniang-0.mp3,单字清晰读一遍，发音后留 0.2 秒空白，不要读解释。
生字单字,8.问号与故事,1.棉花姑娘,课文,mianhua_guniang-word-1,医,yī,audio/words/mianhua_guniang-1.mp3,单字清晰读一遍，发音后留 0.2 秒空白，不要读解释。
生字单字,8.问号与故事,1.棉花姑娘,课文,mianhua_guniang-word-2,别,bié,audio/words/mianhua_guniang-2.mp3,单字清晰读一遍，发音后留 0.2 秒空白，不要读解释。
生字单字,8.问号与故事,1.棉花姑娘,课文,mianhua_guniang-word-3,干,gàn,audio/words/mianhua_guniang-3.mp3,单字清晰读一遍，发音后留 0.2 秒空白，不要读解释。
生字单字,8.问号与故事,1.棉花姑娘,课文,mianhua_guniang-word-4,奇,qí,audio/words/mianhua_guniang-4.mp3,单字清晰读一遍，发音后留 0.2 秒空白，不要读解释。
生字单字,8.问号与故事,1.棉花姑娘,课文,mianhua_guniang-word-5,星,xīng,audio/words/mianhua_guniang-5.mp3,单字清晰读一遍，发音后留 0.2 秒空白，不要读解释。
课文朗读,8.问号与故事,1.棉花姑娘,课文,mianhua_guniang-lesson,棉花姑娘生病了，大家想办法帮助她。 完成任务后，大声读给家长听。,,audio/lessons/mianhua_guniang.mp3,按一年级学生听感慢速朗读，语气自然亲切，句间停顿明显。
句子练习,8.问号与故事,1.棉花姑娘,课文,mianhua_guniang-sentence,棉花姑娘生病了，大家想办法帮助她。,,audio/sentences/mianhua_guniang.mp3,完整句子朗读一遍，可作为后续句子补空和跟读素材。
生字单字,8.问号与故事,2.咕咚,课文,gudong-word-0,吓,xià,audio/words/gudong-0.mp3,单字清晰读一遍，发音后留 0.2 秒空白，不要读解释。
生字单字,8.问号与故事,2.咕咚,课文,gudong-word-1,怕,pà,audio/words/gudong-1.mp3,单字清晰读一遍，发音后留 0.2 秒空白，不要读解释。
生字单字,8.问号与故事,2.咕咚,课文,gudong-word-2,跟,gēn,audio/words/gudong-2.mp3,单字清晰读一遍，发音后留 0.2 秒空白，不要读解释。
生字单字,8.问号与故事,2.咕咚,课文,gudong-word-3,家,jiā,audio/words/gudong-3.mp3,单字清晰读一遍，发音后留 0.2 秒空白，不要读解释。
生字单字,8.问号与故事,2.咕咚,课文,gudong-word-4,羊,yáng,audio/words/gudong-4.mp3,单字清晰读一遍，发音后留 0.2 秒空白，不要读解释。
生字单字,8.问号与故事,2.咕咚,课文,gudong-word-5,象,xiàng,audio/words/gudong-5.mp3,单字清晰读一遍，发音后留 0.2 秒空白，不要读解释。
课文朗读,8.问号与故事,2.咕咚,课文,gudong-lesson,听到声音先观察，不要慌张。 完成任务后，大声读给家长听。,,audio/lessons/gudong.mp3,按一年级学生听感慢速朗读，语气自然亲切，句间停顿明显。
句子练习,8.问号与故事,2.咕咚,课文,gudong-sentence,听到声音先观察，不要慌张。,,audio/sentences/gudong.mp3,完整句子朗读一遍，可作为后续句子补空和跟读素材。
生字单字,8.问号与故事,3.小壁虎借尾巴,课文,xiaobihu_jieweiba-word-0,捉,zhuō,audio/words/xiaobihu_jieweiba-0.mp3,单字清晰读一遍，发音后留 0.2 秒空白，不要读解释。
生字单字,8.问号与故事,3.小壁虎借尾巴,课文,xiaobihu_jieweiba-word-1,条,tiáo,audio/words/xiaobihu_jieweiba-1.mp3,单字清晰读一遍，发音后留 0.2 秒空白，不要读解释。
生字单字,8.问号与故事,3.小壁虎借尾巴,课文,xiaobihu_jieweiba-word-2,爬,pá,audio/words/xiaobihu_jieweiba-2.mp3,单字清晰读一遍，发音后留 0.2 秒空白，不要读解释。
生字单字,8.问号与故事,3.小壁虎借尾巴,课文,xiaobihu_jieweiba-word-3,姐,jiě,audio/words/xiaobihu_jieweiba-3.mp3,单字清晰读一遍，发音后留 0.2 秒空白，不要读解释。
生字单字,8.问号与故事,3.小壁虎借尾巴,课文,xiaobihu_jieweiba-word-4,您,nín,audio/words/xiaobihu_jieweiba-4.mp3,单字清晰读一遍，发音后留 0.2 秒空白，不要读解释。
生字单字,8.问号与故事,3.小壁虎借尾巴,课文,xiaobihu_jieweiba-word-5,草,cǎo,audio/words/xiaobihu_jieweiba-5.mp3,单字清晰读一遍，发音后留 0.2 秒空白，不要读解释。
课文朗读,8.问号与故事,3.小壁虎借尾巴,课文,xiaobihu_jieweiba-lesson,小壁虎去借尾巴，最后发现自己的尾巴会长出来。 完成任务后，大声读给家长听。,,audio/lessons/xiaobihu_jieweiba.mp3,按一年级学生听感慢速朗读，语气自然亲切，句间停顿明显。
句子练习,8.问号与故事,3.小壁虎借尾巴,课文,xiaobihu_jieweiba-sentence,小壁虎去借尾巴，最后发现自己的尾巴会长出来。,,audio/sentences/xiaobihu_jieweiba.mp3,完整句子朗读一遍，可作为后续句子补空和跟读素材。
生字单字,8.问号与故事,4.语文园地八,园地,yuwenyuandi8-word-0,卫,wèi,audio/words/yuwenyuandi8-0.mp3,单字清晰读一遍，发音后留 0.2 秒空白，不要读解释。
生字单字,8.问号与故事,4.语文园地八,园地,yuwenyuandi8-word-1,巾,jīn,audio/words/yuwenyuandi8-1.mp3,单字清晰读一遍，发音后留 0.2 秒空白，不要读解释。
生字单字,8.问号与故事,4.语文园地八,园地,yuwenyuandi8-word-2,刷,shuā,audio/words/yuwenyuandi8-2.mp3,单字清晰读一遍，发音后留 0.2 秒空白，不要读解释。
生字单字,8.问号与故事,4.语文园地八,园地,yuwenyuandi8-word-3,梳,shū,audio/words/yuwenyuandi8-3.mp3,单字清晰读一遍，发音后留 0.2 秒空白，不要读解释。
生字单字,8.问号与故事,4.语文园地八,园地,yuwenyuandi8-word-4,澡,zǎo,audio/words/yuwenyuandi8-4.mp3,单字清晰读一遍，发音后留 0.2 秒空白，不要读解释。
生字单字,8.问号与故事,4.语文园地八,园地,yuwenyuandi8-word-5,盆,pén,audio/words/yuwenyuandi8-5.mp3,单字清晰读一遍，发音后留 0.2 秒空白，不要读解释。
课文朗读,8.问号与故事,4.语文园地八,园地,yuwenyuandi8-lesson,在最后的园地里复习卫生、故事和识字方法。 完成任务后，大声读给家长听。,,audio/lessons/yuwenyuandi8.mp3,按一年级学生听感慢速朗读，语气自然亲切，句间停顿明显。
句子练习,8.问号与故事,4.语文园地八,园地,yuwenyuandi8-sentence,在最后的园地里复习卫生、故事和识字方法。,,audio/sentences/yuwenyuandi8.mp3,完整句子朗读一遍，可作为后续句子补空和跟读素材。
笔画名称,,,,stroke-heng,横,,audio/strokes/heng.mp3,只读笔画名称一遍，短促清楚，适合跟笔顺动画同步。
笔画名称,,,,stroke-shu,竖,,audio/strokes/shu.mp3,只读笔画名称一遍，短促清楚，适合跟笔顺动画同步。
笔画名称,,,,stroke-pie,撇,,audio/strokes/pie.mp3,只读笔画名称一遍，短促清楚，适合跟笔顺动画同步。
笔画名称,,,,stroke-na,捺,,audio/strokes/na.mp3,只读笔画名称一遍，短促清楚，适合跟笔顺动画同步。
笔画名称,,,,stroke-dian,点,,audio/strokes/dian.mp3,只读笔画名称一遍，短促清楚，适合跟笔顺动画同步。
笔画名称,,,,stroke-ti,提,,audio/strokes/ti.mp3,只读笔画名称一遍，短促清楚，适合跟笔顺动画同步。
笔画名称,,,,stroke-piedian,撇点,,audio/strokes/piedian.mp3,只读笔画名称一遍，短促清楚，适合跟笔顺动画同步。
笔画名称,,,,stroke-hengzhe,横折,,audio/strokes/hengzhe.mp3,只读笔画名称一遍，短促清楚，适合跟笔顺动画同步。
笔画名称,,,,stroke-henggou,横钩,,audio/strokes/henggou.mp3,只读笔画名称一遍，短促清楚，适合跟笔顺动画同步。
笔画名称,,,,stroke-hengpie,横撇,,audio/strokes/hengpie.mp3,只读笔画名称一遍，短促清楚，适合跟笔顺动画同步。
笔画名称,,,,stroke-shugou,竖钩,,audio/strokes/shugou.mp3,只读笔画名称一遍，短促清楚，适合跟笔顺动画同步。
笔画名称,,,,stroke-hengzhegou,横折钩,,audio/strokes/hengzhegou.mp3,只读笔画名称一遍，短促清楚，适合跟笔顺动画同步。
笔画名称,,,,stroke-shuti,竖提,,audio/strokes/shuti.mp3,只读笔画名称一遍，短促清楚，适合跟笔顺动画同步。
笔画名称,,,,stroke-piezhe,撇折,,audio/strokes/piezhe.mp3,只读笔画名称一遍，短促清楚，适合跟笔顺动画同步。
笔画名称,,,,stroke-hengzhezhepie,横折折撇,,audio/strokes/hengzhezhepie.mp3,只读笔画名称一遍，短促清楚，适合跟笔顺动画同步。
笔画名称,,,,stroke-hengzheti,横折提,,audio/strokes/hengzheti.mp3,只读笔画名称一遍，短促清楚，适合跟笔顺动画同步。
笔画名称,,,,stroke-shuzhe,竖折,,audio/strokes/shuzhe.mp3,只读笔画名称一遍，短促清楚，适合跟笔顺动画同步。
笔画名称,,,,stroke-shuwan,竖弯,,audio/strokes/shuwan.mp3,只读笔画名称一遍，短促清楚，适合跟笔顺动画同步。
笔画名称,,,,stroke-shuwangou,竖弯钩,,audio/strokes/shuwangou.mp3,只读笔画名称一遍，短促清楚，适合跟笔顺动画同步。
笔画名称,,,,stroke-wangou,弯钩,,audio/strokes/wangou.mp3,只读笔画名称一遍，短促清楚，适合跟笔顺动画同步。
笔画名称,,,,stroke-xiegou,斜钩,,audio/strokes/xiegou.mp3,只读笔画名称一遍，短促清楚，适合跟笔顺动画同步。
笔画名称,,,,stroke-wogou,卧钩,,audio/strokes/wogou.mp3,只读笔画名称一遍，短促清楚，适合跟笔顺动画同步。
笔画名称,,,,stroke-hengzhewangou,横折弯钩,,audio/strokes/hengzhewangou.mp3,只读笔画名称一遍，短促清楚，适合跟笔顺动画同步。
笔画名称,,,,stroke-hengpiewangou,横撇弯钩,,audio/strokes/hengpiewangou.mp3,只读笔画名称一遍，短促清楚，适合跟笔顺动画同步。
笔画名称,,,,stroke-shuzhezhegou,竖折折钩,,audio/strokes/shuzhezhegou.mp3,只读笔画名称一遍，短促清楚，适合跟笔顺动画同步。
笔画名称,,,,stroke-hengzhezhezhegou,横折折折钩,,audio/strokes/hengzhezhezhegou.mp3,只读笔画名称一遍，短促清楚，适合跟笔顺动画同步。
反馈提示,,,,feedback-try-again,再试一次,,audio/feedback/try-again.mp3,亲切、鼓励、儿童 App 风格，避免夸张尖锐。
反馈提示,,,,feedback-complete,任务完成，太棒了！,,audio/feedback/complete.mp3,亲切、鼓励、儿童 App 风格，避免夸张尖锐。
反馈提示,,,,feedback-correct,答对了,,audio/feedback/correct.mp3,亲切、鼓励、儿童 App 风格，避免夸张尖锐。
反馈提示,,,,feedback-wrong,再想一想,,audio/feedback/wrong.mp3,亲切、鼓励、儿童 App 风格，避免夸张尖锐。
反馈提示,,,,feedback-next,进入下一关,,audio/feedback/next.mp3,亲切、鼓励、儿童 App 风格，避免夸张尖锐。
反馈提示,,,,feedback-review-complete,复习完成啦,,audio/feedback/review-complete.mp3,亲切、鼓励、儿童 App 风格，避免夸张尖锐。
